[
    // Capital Uniques
    {
        "name": "Reactor Tower",
        "isWonder": true,
        "uniqueTo": "Reactorland",
        "cost": 1,
        "uniques": [
            "Can only be built [in capital]",
            "[+1 Culture] [in capital]",
            "[+1 Science] [in capital]",
            "[-2 Happiness] [in all cities]"
        ],
		"quote": "*pfft* You are now watching Wasteland Reaction Entertainment TV1 AXYZ, located in Victoria, Reactorland, connected digitally not just in Reactorland but in the entire wasteland, we are bringing you 24/7 of quality reaction videos and news broadcasts all around the world. Good Morning everyone, this is Ani Glendelian, reporting here in Glendale District, we are now signing on and enjoy our presentation...",
		"civilopediaText": [
			{
				"text": "*pfft* You are now watching Wasteland Reaction Entertainment TV1 AXYZ, located in Victoria, Reactorland, connected digitally not just in Reactorland but in the entire wasteland, we are bringing you 24/7 of quality reaction videos and news broadcasts all around the world. Good Morning everyone, this is Ani Glendelian, reporting here in Glendale District, we are now signing on and enjoy our presentation..."
			}
		]	
    },

    // Normal Uniques
    {
        "name": "9G Tower",
        "replaces": "Monument",
        "uniqueTo": "Reactorland",
        "culture": 3
        "cost": 40,
        "hurryCostModifier": 40,
        "uniques": [
            "Can only be built [in all cities connected to capital]",
            "Destroyed when the city is captured"
        ]
    },
	{
		"name": "RV Camp",
		"replaces": "Broadcast Tower",
		"uniqueTo": "Reactorland",
		"culture": 2,
		"happiness": 2,
		"specialistSlots": { "Administrator": 2 },
		"percentStatBonus": { "culture": 30 },
		"uniques": ["Consumes [1] [Power]"],
		// "maintenance": 3,
		"requiredTech": "Radio"
	},
    {
		"name": "Reaction Center",
		"replaces": "Stadium",
		"uniqueTo": "Reactorland",
		"happiness": 4,
		"culture": 2
		"maintenance": 1,
		"requiredTech": "Social Engineering"
	}
]